{"cameraMode":{"drawMode":0,"name":"Shaded","section":"Shading Mode"},"sceneLighting":false,"audioPlay":false,"sceneViewState":{"showFog":true,"showMaterialUpdate":false,"showSkybox":false,"showFlares":true,"showImageEffects":true,"showParticleSystems":true},"in2DMode":false,"pivot":{"x":-10.82253646850586,"y":41.04159927368164,"z":-16.550365447998048},"rotation":{"x":-0.03805049881339073,"y":0.7081916928291321,"z":0.038279637694358829,"w":0.7039549946784973},"size":1.4693515300750733,"orthographic":true}