{"cameraMode":{"drawMode":0,"name":"Shaded","section":"Shading Mode"},"sceneLighting":true,"audioPlay":false,"sceneViewState":{"showFog":true,"showMaterialUpdate":false,"showSkybox":true,"showFlares":true,"showImageEffects":true,"showParticleSystems":true},"in2DMode":false,"pivot":{"x":-2.5038058757781984,"y":45.08277893066406,"z":-26.881441116333009},"rotation":{"x":-0.10573578625917435,"y":0.3268192410469055,"z":-0.036835573613643649,"w":-0.9384402632713318},"size":0.19137364625930787,"orthographic":false}