{"cameraMode":{"drawMode":0,"name":"Shaded","section":"Shading Mode"},"sceneLighting":false,"audioPlay":false,"sceneViewState":{"showFog":true,"showMaterialUpdate":false,"showSkybox":false,"showFlares":true,"showImageEffects":true,"showParticleSystems":true},"in2DMode":false,"pivot":{"x":-20.016124725341798,"y":41.39542770385742,"z":-15.446796417236329},"rotation":{"x":0.0020736653823405506,"y":-0.9972371459007263,"z":0.030527306720614435,"w":0.06771315634250641},"size":2.3729851245880129,"orthographic":false}